"SITE","CHAMBER_CODE","CHAMBER_NAME","SORT_KEY","REGISTER_ID","REGISTER_DATE","UPDATE_ID","UPDATE_DATE"
SHDI,P1,P1,1,SYSTEM,2019-12-02 16:00:00,SYSTEM,2019-12-02 16:00:00
SHDI,P10,P10,10,SYSTEM,2019-12-02 16:00:00,SYSTEM,2019-12-02 16:00:00
SHDI,P11,P11,11,SYSTEM,2019-12-02 16:00:00,SYSTEM,2019-12-02 16:00:00
SHDI,P12,P12,12,SYSTEM,2019-12-02 16:00:00,SYSTEM,2019-12-02 16:00:00
SHDI,P13,P13,13,SYSTEM,2019-12-02 16:00:00,SYSTEM,2019-12-02 16:00:00
SHDI,P14,P14,14,SYSTEM,2019-12-02 16:00:00,SYSTEM,2019-12-02 16:00:00
SHDI,P15,P15,15,SYSTEM,2019-12-02 16:00:00,SYSTEM,2019-12-02 16:00:00
SHDI,P16,P16,16,SYSTEM,2019-12-02 16:00:00,SYSTEM,2019-12-02 16:00:00
SHDI,P17,P17,17,SYSTEM,2019-12-02 16:00:00,SYSTEM,2019-12-02 16:00:00
SHDI,P18,P18,18,SYSTEM,2019-12-02 16:00:00,SYSTEM,2019-12-02 16:00:00
SHDI,P19,P19,19,SYSTEM,2019-12-02 16:00:00,SYSTEM,2019-12-02 16:00:00
SHDI,P2,P2,2,SYSTEM,2019-12-02 16:00:00,SYSTEM,2019-12-02 16:00:00
SHDI,P20,P20,20,SYSTEM,2019-12-02 16:00:00,SYSTEM,2019-12-02 16:00:00
SHDI,P21,P21,21,SYSTEM,2019-12-02 16:00:00,SYSTEM,2019-12-02 16:00:00
SHDI,P22,P22,22,SYSTEM,2019-12-02 16:00:00,SYSTEM,2019-12-02 16:00:00
SHDI,P23,P23,23,SYSTEM,2019-12-02 16:00:00,SYSTEM,2019-12-02 16:00:00
SHDI,P24,P24,24,SYSTEM,2019-12-02 16:00:00,SYSTEM,2019-12-02 16:00:00
SHDI,P25,P25,25,SYSTEM,2019-12-02 16:00:00,SYSTEM,2019-12-02 16:00:00
SHDI,P26,P26,26,SYSTEM,2019-12-02 16:00:00,SYSTEM,2019-12-02 16:00:00
SHDI,P27,P27,27,SYSTEM,2019-12-02 16:00:00,SYSTEM,2019-12-02 16:00:00
SHDI,P28,P28,28,SYSTEM,2019-12-02 16:00:00,SYSTEM,2019-12-02 16:00:00
SHDI,P29,P29,29,SYSTEM,2019-12-02 16:00:00,SYSTEM,2019-12-02 16:00:00
SHDI,P3,P3,3,SYSTEM,2019-12-02 16:00:00,SYSTEM,2019-12-02 16:00:00
SHDI,P30,P30,30,SYSTEM,2019-12-02 16:00:00,SYSTEM,2019-12-02 16:00:00
SHDI,P4,P4,4,SYSTEM,2019-12-02 16:00:00,SYSTEM,2019-12-02 16:00:00
SHDI,P5,P5,5,SYSTEM,2019-12-02 16:00:00,SYSTEM,2019-12-02 16:00:00
SHDI,P6,P6,6,SYSTEM,2019-12-02 16:00:00,SYSTEM,2019-12-02 16:00:00
SHDI,P7,P7,7,SYSTEM,2019-12-02 16:00:00,SYSTEM,2019-12-02 16:00:00
SHDI,P8,P8,8,SYSTEM,2019-12-02 16:00:00,SYSTEM,2019-12-02 16:00:00
SHDI,P9,P9,9,SYSTEM,2019-12-02 16:00:00,SYSTEM,2019-12-02 16:00:00
